<?xml version="1.0" encoding="UTF-8" standalone="yes"?>
<Content>
    <Views>
        <ViewDef id="9fc3efc7-6ee3-45f5-a13e-9f196f5da325">
            <Title>tkopton_Cluster-Overview-CPU-02</Title>
            <Description/>
            <SubjectType adapterKind="VMWARE" resourceKind="ClusterComputeResource" type="descendant"/>
            <SubjectType adapterKind="VMWARE" resourceKind="ClusterComputeResource" type="self"/>
            <Usage>dashboard</Usage>
            <Usage>report</Usage>
            <Usage>details</Usage>
            <Usage>content</Usage>
            <Controls>
                <Control id="time-interval-selector_id_55" type="time-interval-selector" visible="false">
                    <Property name="advancedTimeMode" value="false"/>
                    <Property name="unit" value="MONTHS"/>
                    <Property name="count" value="1"/>
                </Control>
                <Control id="attributes-selector_id_56" type="attributes-selector" visible="false">
                    <Property name="attributeInfos">
                        <List>
                            <Item>
<Value>
    <Property name="objectType" value="RESOURCE"/>
    <Property name="attributeKey" value="cpu|demandPct"/>
    <Property name="preferredUnitId" value="percent"/>
    <Property name="isStringAttribute" value="false"/>
    <Property name="adapterKind" value="VMWARE"/>
    <Property name="resourceKind" value="ClusterComputeResource"/>
    <Property name="rollUpType" value="NONE"/>
    <Property name="rollUpCount" value="0"/>
    <Property name="forecastDays" value="14"/>
    <Property name="transformations">
        <List>
            <Item value="NONE"/>
            <Item value="FORECAST"/>
        </List>
    </Property>
    <Property name="isProperty" value="false"/>
    <Property name="redBound" value="80"/>
    <Property name="useSymptomThresholds" value="false"/>
    <Property name="displayName" value="CPU Demand %"/>
</Value>
                            </Item>
                        </List>
                    </Property>
                </Control>
                <Control id="pagination-control_id_57" type="pagination-control" visible="true">
                    <Property name="start" value="0"/>
                    <Property name="size" value="25"/>
                </Control>
            </Controls>
            <DataProviders>
                <DataProvider dataType="trend-view" id="trend-view_id_54"/>
            </DataProviders>
            <Presentation type="line-chart"/>
        </ViewDef>
        <ViewDef id="cf629573-d002-4adb-a731-8c2407afaec4">
            <Title>tkopton_Cluster-Overview-01</Title>
            <Description/>
            <SubjectType adapterKind="VMWARE" resourceKind="ClusterComputeResource" type="descendant"/>
            <SubjectType adapterKind="VMWARE" resourceKind="ClusterComputeResource" type="self"/>
            <Usage>dashboard</Usage>
            <Usage>report</Usage>
            <Usage>details</Usage>
            <Usage>content</Usage>
            <Controls>
                <Control id="time-interval-selector_id_116" type="time-interval-selector" visible="false">
                    <Property name="advancedTimeMode" value="false"/>
                    <Property name="unit" value="MONTHS"/>
                    <Property name="count" value="1"/>
                </Control>
                <Control id="attributes-selector_id_117" type="attributes-selector" visible="false">
                    <Property name="attributeInfos">
                        <List>
                            <Item>
<Value>
    <Property name="objectType" value="RESOURCE"/>
    <Property name="attributeKey" value="Interval Breakdown"/>
    <Property name="rollUpCount" value="0"/>
    <Property name="sortCriteria" value="false"/>
    <Property name="isTimeSegment" value="true"/>
    <Property name="breakdownBy" value="DAYS"/>
    <Property name="startingOnUnit" value="HOURS"/>
    <Property name="startingOnCount" value="0"/>
    <Property name="displayName" value="Daily"/>
</Value>
                            </Item>
                            <Item>
<Value>
    <Property name="objectType" value="RESOURCE"/>
    <Property name="attributeKey" value="summary|total_number_hosts"/>
    <Property name="isStringAttribute" value="false"/>
    <Property name="adapterKind" value="VMWARE"/>
    <Property name="resourceKind" value="ClusterComputeResource"/>
    <Property name="rollUpType" value="NONE"/>
    <Property name="rollUpCount" value="0"/>
    <Property name="transformations">
        <List>
            <Item value="CURRENT"/>
        </List>
    </Property>
    <Property name="isProperty" value="false"/>
    <Property name="displayName" value="Total #Hosts"/>
</Value>
                            </Item>
                            <Item>
<Value>
    <Property name="objectType" value="RESOURCE"/>
    <Property name="attributeKey" value="summary|vm_count_per_host"/>
    <Property name="isStringAttribute" value="false"/>
    <Property name="adapterKind" value="VMWARE"/>
    <Property name="resourceKind" value="ClusterComputeResource"/>
    <Property name="rollUpType" value="NONE"/>
    <Property name="rollUpCount" value="0"/>
    <Property name="transformations">
        <List>
            <Item value="CURRENT"/>
        </List>
    </Property>
    <Property name="isProperty" value="false"/>
    <Property name="displayName" value="#VM per Host"/>
</Value>
                            </Item>
                            <Item>
<Value>
    <Property name="objectType" value="RESOURCE"/>
    <Property name="attributeKey" value="summary|number_running_vcpus"/>
    <Property name="isStringAttribute" value="false"/>
    <Property name="adapterKind" value="VMWARE"/>
    <Property name="resourceKind" value="ClusterComputeResource"/>
    <Property name="rollUpType" value="NONE"/>
    <Property name="rollUpCount" value="0"/>
    <Property name="transformations">
        <List>
            <Item value="CURRENT"/>
        </List>
    </Property>
    <Property name="isProperty" value="false"/>
    <Property name="displayName" value="# vCPUs"/>
</Value>
                            </Item>
                            <Item>
<Value>
    <Property name="objectType" value="RESOURCE"/>
    <Property name="attributeKey" value="cpu|corecount_provisioned"/>
    <Property name="preferredUnitId" value="7001"/>
    <Property name="isStringAttribute" value="false"/>
    <Property name="adapterKind" value="VMWARE"/>
    <Property name="resourceKind" value="ClusterComputeResource"/>
    <Property name="rollUpType" value="NONE"/>
    <Property name="rollUpCount" value="0"/>
    <Property name="transformations">
        <List>
            <Item value="CURRENT"/>
        </List>
    </Property>
    <Property name="isProperty" value="false"/>
    <Property name="displayName" value="# Cores"/>
</Value>
                            </Item>
                            <Item>
<Value>
    <Property name="objectType" value="RESOURCE"/>
    <Property name="attributeKey" value="mem|totalCapacity_average"/>
    <Property name="preferredUnitId" value="auto"/>
    <Property name="isStringAttribute" value="false"/>
    <Property name="adapterKind" value="VMWARE"/>
    <Property name="resourceKind" value="ClusterComputeResource"/>
    <Property name="rollUpType" value="NONE"/>
    <Property name="rollUpCount" value="0"/>
    <Property name="transformations">
        <List>
            <Item value="CURRENT"/>
        </List>
    </Property>
    <Property name="isProperty" value="false"/>
    <Property name="displayName" value="Tot. available RAM"/>
</Value>
                            </Item>
                            <Item>
<Value>
    <Property name="objectType" value="RESOURCE"/>
    <Property name="attributeKey" value="mem|memory_allocated_on_all_vms"/>
    <Property name="preferredUnitId" value="auto"/>
    <Property name="isStringAttribute" value="false"/>
    <Property name="adapterKind" value="VMWARE"/>
    <Property name="resourceKind" value="ClusterComputeResource"/>
    <Property name="rollUpType" value="NONE"/>
    <Property name="rollUpCount" value="0"/>
    <Property name="transformations">
        <List>
            <Item value="CURRENT"/>
        </List>
    </Property>
    <Property name="isProperty" value="false"/>
</Value>
                            </Item>
                            <Item>
<Value>
    <Property name="objectType" value="RESOURCE"/>
    <Property name="attributeKey" value="diskspace|total_capacity"/>
    <Property name="preferredUnitId" value="auto"/>
    <Property name="isStringAttribute" value="false"/>
    <Property name="adapterKind" value="VMWARE"/>
    <Property name="resourceKind" value="ClusterComputeResource"/>
    <Property name="rollUpType" value="NONE"/>
    <Property name="rollUpCount" value="0"/>
    <Property name="transformations">
        <List>
            <Item value="CURRENT"/>
        </List>
    </Property>
    <Property name="isProperty" value="false"/>
</Value>
                            </Item>
                            <Item>
<Value>
    <Property name="objectType" value="RESOURCE"/>
    <Property name="attributeKey" value="diskspace|diskused"/>
    <Property name="preferredUnitId" value="auto"/>
    <Property name="isStringAttribute" value="false"/>
    <Property name="adapterKind" value="VMWARE"/>
    <Property name="resourceKind" value="ClusterComputeResource"/>
    <Property name="rollUpType" value="NONE"/>
    <Property name="rollUpCount" value="0"/>
    <Property name="transformations">
        <List>
            <Item value="CURRENT"/>
        </List>
    </Property>
    <Property name="isProperty" value="false"/>
</Value>
                            </Item>
                            <Item>
<Value>
    <Property name="objectType" value="RESOURCE"/>
    <Property name="attributeKey" value="diskspace|used"/>
    <Property name="preferredUnitId" value="auto"/>
    <Property name="isStringAttribute" value="false"/>
    <Property name="adapterKind" value="VMWARE"/>
    <Property name="resourceKind" value="ClusterComputeResource"/>
    <Property name="rollUpType" value="NONE"/>
    <Property name="rollUpCount" value="0"/>
    <Property name="transformations">
        <List>
            <Item value="CURRENT"/>
        </List>
    </Property>
    <Property name="isProperty" value="false"/>
</Value>
                            </Item>
                        </List>
                    </Property>
                </Control>
                <Control id="pagination-control_id_118" type="pagination-control" visible="true">
                    <Property name="start" value="0"/>
                    <Property name="size" value="50"/>
                </Control>
                <Control id="metadata_id_119" type="metadata" visible="false">
                    <Property name="maxPointsCount" value="5000"/>
                    <Property name="distributionColor" value="6870C4"/>
                    <Property name="hideObjectNameColumn" value="false"/>
                    <Property name="listTopResultSize" value="-1"/>
                </Control>
            </Controls>
            <DataProviders>
                <DataProvider dataType="list-view" id="list-view_id_115"/>
            </DataProviders>
            <Presentation type="list"/>
        </ViewDef>
        <ViewDef id="45ed10ce-4b4b-41c7-8822-f44c10c64b48">
            <Title>tkopton_Cluster-Overview-Disk-01</Title>
            <Description/>
            <SubjectType adapterKind="VMWARE" resourceKind="ClusterComputeResource" type="descendant"/>
            <SubjectType adapterKind="VMWARE" resourceKind="ClusterComputeResource" type="self"/>
            <Usage>dashboard</Usage>
            <Usage>report</Usage>
            <Usage>details</Usage>
            <Usage>content</Usage>
            <Controls>
                <Control id="time-interval-selector_id_75" type="time-interval-selector" visible="false">
                    <Property name="advancedTimeMode" value="false"/>
                    <Property name="unit" value="MONTHS"/>
                    <Property name="count" value="1"/>
                </Control>
                <Control id="attributes-selector_id_76" type="attributes-selector" visible="false">
                    <Property name="attributeInfos">
                        <List>
                            <Item>
<Value>
    <Property name="objectType" value="RESOURCE"/>
    <Property name="attributeKey" value="diskspace|total_capacity"/>
    <Property name="preferredUnitId" value="gb"/>
    <Property name="isStringAttribute" value="false"/>
    <Property name="adapterKind" value="VMWARE"/>
    <Property name="resourceKind" value="ClusterComputeResource"/>
    <Property name="rollUpType" value="NONE"/>
    <Property name="rollUpCount" value="0"/>
    <Property name="forecastDays" value="14"/>
    <Property name="transformations">
        <List>
            <Item value="NONE"/>
            <Item value="FORECAST"/>
        </List>
    </Property>
    <Property name="isProperty" value="false"/>
    <Property name="displayName" value="Available Space (total GB)"/>
</Value>
                            </Item>
                            <Item>
<Value>
    <Property name="objectType" value="RESOURCE"/>
    <Property name="attributeKey" value="diskspace|total_provisioned"/>
    <Property name="preferredUnitId" value="gb"/>
    <Property name="isStringAttribute" value="false"/>
    <Property name="adapterKind" value="VMWARE"/>
    <Property name="resourceKind" value="ClusterComputeResource"/>
    <Property name="rollUpType" value="NONE"/>
    <Property name="rollUpCount" value="0"/>
    <Property name="forecastDays" value="14"/>
    <Property name="transformations">
        <List>
            <Item value="NONE"/>
            <Item value="FORECAST"/>
        </List>
    </Property>
    <Property name="isProperty" value="false"/>
    <Property name="displayName" value="Provisioned Space (total GB)"/>
</Value>
                            </Item>
                        </List>
                    </Property>
                </Control>
                <Control id="pagination-control_id_77" type="pagination-control" visible="true">
                    <Property name="start" value="0"/>
                    <Property name="size" value="25"/>
                </Control>
            </Controls>
            <DataProviders>
                <DataProvider dataType="trend-view" id="trend-view_id_74"/>
            </DataProviders>
            <Presentation type="line-chart"/>
        </ViewDef>
        <ViewDef id="d3aba2f2-8469-4d1c-9e40-ee3e636dae60">
            <Title>tkopton_Cluster-Overview-CPU-01</Title>
            <Description/>
            <SubjectType adapterKind="VMWARE" resourceKind="ClusterComputeResource" type="descendant"/>
            <SubjectType adapterKind="VMWARE" resourceKind="ClusterComputeResource" type="self"/>
            <Usage>dashboard</Usage>
            <Usage>report</Usage>
            <Usage>details</Usage>
            <Usage>content</Usage>
            <Controls>
                <Control id="time-interval-selector_id_63" type="time-interval-selector" visible="false">
                    <Property name="advancedTimeMode" value="false"/>
                    <Property name="unit" value="MONTHS"/>
                    <Property name="count" value="1"/>
                </Control>
                <Control id="attributes-selector_id_64" type="attributes-selector" visible="false">
                    <Property name="attributeInfos">
                        <List>
                            <Item>
<Value>
    <Property name="objectType" value="RESOURCE"/>
    <Property name="attributeKey" value="cpu|corecount_provisioned"/>
    <Property name="preferredUnitId" value="7001"/>
    <Property name="isStringAttribute" value="false"/>
    <Property name="adapterKind" value="VMWARE"/>
    <Property name="resourceKind" value="ClusterComputeResource"/>
    <Property name="rollUpType" value="NONE"/>
    <Property name="rollUpCount" value="0"/>
    <Property name="forecastDays" value="14"/>
    <Property name="transformations">
        <List>
            <Item value="NONE"/>
            <Item value="FORECAST"/>
        </List>
    </Property>
    <Property name="isProperty" value="false"/>
    <Property name="displayName" value="# Cores"/>
</Value>
                            </Item>
                            <Item>
<Value>
    <Property name="objectType" value="RESOURCE"/>
    <Property name="attributeKey" value="summary|number_running_vcpus"/>
    <Property name="isStringAttribute" value="false"/>
    <Property name="adapterKind" value="VMWARE"/>
    <Property name="resourceKind" value="ClusterComputeResource"/>
    <Property name="rollUpType" value="NONE"/>
    <Property name="rollUpCount" value="0"/>
    <Property name="forecastDays" value="14"/>
    <Property name="transformations">
        <List>
            <Item value="NONE"/>
            <Item value="FORECAST"/>
        </List>
    </Property>
    <Property name="isProperty" value="false"/>
    <Property name="displayName" value="# vCPUs"/>
</Value>
                            </Item>
                        </List>
                    </Property>
                </Control>
                <Control id="pagination-control_id_65" type="pagination-control" visible="true">
                    <Property name="start" value="0"/>
                    <Property name="size" value="25"/>
                </Control>
            </Controls>
            <DataProviders>
                <DataProvider dataType="trend-view" id="trend-view_id_62"/>
            </DataProviders>
            <Presentation type="line-chart"/>
        </ViewDef>
        <ViewDef id="4c842175-6b50-4ced-b853-ec77d3df6b9f">
            <Title>tkopton_Cluster-Overview-RAM-01</Title>
            <Description/>
            <SubjectType adapterKind="VMWARE" resourceKind="ClusterComputeResource" type="descendant"/>
            <SubjectType adapterKind="VMWARE" resourceKind="ClusterComputeResource" type="self"/>
            <Usage>dashboard</Usage>
            <Usage>report</Usage>
            <Usage>details</Usage>
            <Usage>content</Usage>
            <Controls>
                <Control id="time-interval-selector_id_111" type="time-interval-selector" visible="false">
                    <Property name="advancedTimeMode" value="false"/>
                    <Property name="unit" value="MONTHS"/>
                    <Property name="count" value="1"/>
                </Control>
                <Control id="attributes-selector_id_112" type="attributes-selector" visible="false">
                    <Property name="attributeInfos">
                        <List>
                            <Item>
<Value>
    <Property name="objectType" value="RESOURCE"/>
    <Property name="attributeKey" value="mem|haTotalCapacity_average"/>
    <Property name="preferredUnitId" value="gb"/>
    <Property name="isStringAttribute" value="false"/>
    <Property name="adapterKind" value="VMWARE"/>
    <Property name="resourceKind" value="ClusterComputeResource"/>
    <Property name="rollUpType" value="NONE"/>
    <Property name="rollUpCount" value="0"/>
    <Property name="forecastDays" value="14"/>
    <Property name="transformations">
        <List>
            <Item value="NONE"/>
            <Item value="FORECAST"/>
        </List>
    </Property>
    <Property name="isProperty" value="false"/>
    <Property name="displayName" value="Tot. available RAM"/>
</Value>
                            </Item>
                            <Item>
<Value>
    <Property name="objectType" value="RESOURCE"/>
    <Property name="attributeKey" value="mem|memory_allocated_on_all_vms"/>
    <Property name="preferredUnitId" value="gb"/>
    <Property name="isStringAttribute" value="false"/>
    <Property name="adapterKind" value="VMWARE"/>
    <Property name="resourceKind" value="ClusterComputeResource"/>
    <Property name="rollUpType" value="NONE"/>
    <Property name="rollUpCount" value="0"/>
    <Property name="forecastDays" value="14"/>
    <Property name="transformations">
        <List>
            <Item value="NONE"/>
            <Item value="FORECAST"/>
        </List>
    </Property>
    <Property name="isProperty" value="false"/>
    <Property name="displayName" value="Allocated on All VMs (GB)"/>
</Value>
                            </Item>
                            <Item>
<Value>
    <Property name="objectType" value="RESOURCE"/>
    <Property name="attributeKey" value="mem|max_vm_mem_contention"/>
    <Property name="preferredUnitId" value="percent"/>
    <Property name="isStringAttribute" value="false"/>
    <Property name="adapterKind" value="VMWARE"/>
    <Property name="resourceKind" value="ClusterComputeResource"/>
    <Property name="rollUpType" value="NONE"/>
    <Property name="rollUpCount" value="0"/>
    <Property name="forecastDays" value="14"/>
    <Property name="transformations">
        <List>
            <Item value="NONE"/>
            <Item value="FORECAST"/>
        </List>
    </Property>
    <Property name="isProperty" value="false"/>
    <Property name="displayName" value="Max VM Memory Contention (%)"/>
</Value>
                            </Item>
                        </List>
                    </Property>
                </Control>
                <Control id="pagination-control_id_113" type="pagination-control" visible="true">
                    <Property name="start" value="0"/>
                    <Property name="size" value="25"/>
                </Control>
            </Controls>
            <DataProviders>
                <DataProvider dataType="trend-view" id="trend-view_id_110"/>
            </DataProviders>
            <Presentation type="line-chart"/>
        </ViewDef>
    </Views>
</Content>
